v2ProductName,canonical_category,row_count
1 oz Hand Sanitizer,Home/Accessories/Fun/,1185
15 oz Ceramic Mug,Home/Drinkware/Mugs and Cups/,47
16 oz. Hot and Cold Tumbler,Home/Drinkware/,285
16 oz. Hot/Cold Tumbler,Home/Accessories/Drinkware/,171
20 oz Stainless Steel Insulated Tumbler,Home/Drinkware/,2960
22 oz Android Bottle,Bottles,1079
22 oz Mini Mountain Bottle,Home/Accessories/Drinkware/,635
22 oz YouTube Bottle Infuser,Home/Shop by Brand/YouTube/,4348
23 oz Wide Mouth Sport Bottle,Home/Drinkware/,974
24 oz USA Made Aluminum Bottle,Home/Drinkware/,711
24 oz YouTube Sergeant Stripe Bottle,Home/Shop by Brand/YouTube/,3088
25 oz. Infusion Water Bottle,Home/Accessories/Drinkware/,113
25L Classic Rucksack,Home/Bags/Backpacks/,6055
26 oz Double Wall Insulated Bottle,Home/Drinkware/,5214
4-in-1 Carabiner Charger,Home/Lifestyle/,1064
"7"" Dog Frisbee",Home/Accessories/Pet/,1079
7&quot; Dog Frisbee,Lifestyle,878
8 pc Android Sticker Sheet,Home/Accessories/Stickers/,1905
8pc Android Sticker Sheet,Home/Accessories/Stickers/,26
ATOM Wireless Earbud Headset,Home/Electronics/,598
Aluminum Emergency Flashlight,Home/Electronics/Flashlights/,3
Aluminum Handy Emergency Flashlight,Home/Electronics/Flashlights/,1272
Android 14 oz Mug White/Green,Home/Drinkware/Mugs and Cups/,29
Android 17oz Stainless Steel Sport Bottle,Home/Drinkware/,915
Android 22 oz Water Bottle Green,Home/Drinkware/Water Bottles and Tumblers/,12
Android 24 oz Button Lid Sport Water Bottle Green,(not set),1
Android 24 oz Button Lid Sport Water Bottle Smoke,(not set),1
Android 24 oz Contigo Addison,(not set),49
Android 24 oz Contigo Bottle,Home/Drinkware/,751
Android 25 oz Green Apple Stainless Steel Bottle,Drinkware,69
Android 5-Panel Low Cap,Home/Apparel/Headgear/,71
Android BTTF Cosmos Graphic Tee,Apparel,1382
Android BTTF Cosmos Shirt,Home/Apparel/Men's/Men's-T-Shirts/,284
Android BTTF Moonshot Graphic Tee,Apparel,814
Android BTTF Moonshot Shirt,Home/Apparel/Men's/Men's-T-Shirts/,292
Android Baby Essentials Baby Set,Home/Apparel/Kid's/Kid's-Infant/,228
Android Baby Esssentials Set,(not set),157
Android Cool Gear Lunch To Go,Home/Lifestyle/,7
Android Glass Water Bottle with Black Sleeve,Home/Drinkware/,1000
Android Hard Cover Journal,Home/Office/Notebooks & Journals/,506
Android Heavyweight Long Sleeve Badge Tee Black,Apparel,180
Android Infant Short Sleeve Tee Aqua,Home/Apparel/,215
Android Infant Short Sleeve Tee Pewter,Home/Apparel/Kid's/Kid's-Infant/,274
Android Infant Short Sleeve Tee Pink,Home/Apparel/Kid's/Kid's-Infant/,175
Android Journal Book Set,Home/Office/Notebooks & Journals/,1606
Android Lifted Men's Short Sleeve Tee Blue,Apparel,339
Android Luggage Tag,Home/Accessories/Fun/,156
Android Lunch Kit,Home/Accessories/Housewares/,1025
Android Men's  Zip Hoodie,Home/Apparel/Men's/Men's-Outerwear/,2256
Android Men's 3/4 Sleeve Raglan Henley Black,Apparel,557
Android Men's Engineer Short Sleeve Tee Charcoal,Home/Apparel/Men's/Men's-T-Shirts/,1426
Android Men's Heavyweight Long Sleeve Badge Tee Black,Apparel,5
Android Men's Long & Lean Badge Tee Charcoal,Apparel,306
Android Men's Long Sleeve Badge Crew Tee Heather,Apparel,443
Android Men's Outerstellar Short Sleeve Tee Black,Apparel,439
Android Men's Paradise Short Sleeve Tee Olive,Android,347
Android Men's Pep Rally Short Sleeve Tee Navy,Apparel,511
Android Men's Short Sleeve Hero Tee Heather,Apparel,542
Android Men's Short Sleeve Hero Tee White,Home/Apparel/Men's/Men's-T-Shirts/,360
Android Men's Short Sleeve Tri-blend Hero Tee Grey,Apparel,462
Android Men's Skater Badge Tee Charcoal,Apparel,196
Android Men's Take Charge Short Sleeve Tee Purple,Apparel,471
Android Men's Vintage Henley,Apparel,916
Android Men's Vintage Tank,Apparel,365
Android Men's Vintage Tee,Home/Apparel/Men's/Men's-T-Shirts/,306
Android Men's Zip Hoodie,Home/Apparel/Men's/,22
Android Onesie Baby Blue,Home/Apparel/Kid's/Kid's-Infant/,312
Android Onesie Gold,Home/Apparel/Kid's/Kid's-Infant/,824
Android Onesie Sprout Green,Apparel,150
Android RFID Journal,Home/Office/Notebooks & Journals/,656
Android Rise 14 oz Mug,Home/Drinkware/Mugs and Cups/,3367
Android Spiral Journal with Pen,Home/Office/,394
Android Sticker Sheet Ultra Removable,Home/Accessories/Stickers/,2889
Android Stretch Fit Hat,Home/Apparel/Headgear/,778
Android Stretch Fit Hat Black,Home/Apparel/Headgear/,283
Android Stretch Fit Hat L/XL,Headgear,122
Android Stretch Fit Hat M/L,Headgear,229
Android Stretch Fit Hat S/M,Headgear,123
Android Toddler Short Sleeve T-shirt Aqua,Home/Apparel/Kid's/Kid's-Toddler/,502
Android Toddler Short Sleeve T-shirt Pewter,Home/Apparel/Kid's/Kid's-Toddler/,573
Android Toddler Short Sleeve T-shirt Pink,Home/Apparel/Kid's/Kid's-Toddler/,722
Android Twill Cap,Home/Apparel/Headgear/,789
Android Women's Fleece Hoodie,Home/Apparel/Women's/Women's-Outerwear/,481
Android Women's Long Sleeve Blended Cardigan Grey,Home/Apparel/Women's/Women's-Outerwear/,809
Android Women's Racer Back Tank Black,Home/Apparel/Women's/Women's-T-Shirts/,78
Android Women's Short Sleeve Badge Tee Dark Heather,Home/Apparel/Women's/Women's-T-Shirts/,214
Android Women's Short Sleeve Badge Tee Light Charcoal,Apparel,17
Android Women's Short Sleeve Hero Tee Black,Home/Apparel/Women's/Women's-T-Shirts/,241
Android Women's Short Sleeve Tri-blend Badge Tee Light Blue,(not set),72
Android Women's Short Sleeve Tri-blend Badge Tee Light Grey,Home/Apparel/Women's/Women's-T-Shirts/,82
Android Wool Heather Cap Heather/Black,Home/Apparel/Headgear/,841
Android Youth Short Sleeve T-shirt Aqua,Home/Apparel/Kid's/Kids-Youth/,697
Android Youth Short Sleeve T-shirt Pewter,Home/Apparel/Kid's/Kids-Youth/,740
Aria Bluetooth Speaker,Home/Electronics/,563
BLM Sweatshirt,Apparel,2735
BLM Sweatshirt (Pre-Order),Home/Apparel/Men's/Men's-Outerwear/,72
Badge Holder,Home/Office/Office Other/,2393
Ballpoint LED Light Pen,Home/Office/Writing Instruments/,1162
Ballpoint Pen & Matching Tube Case,Office,424
Ballpoint Pen Blue,Office,941
Ballpoint Stick Pen 4 Pack,Office,1280
Ballpoint Stylus Pen,Home/Office/,352
Basecamp Explorer Powerbank Flashlight,Home/Electronics/Flashlights/,1364
Bic Digital Clic Stic Stylus Pen,Home/Office/,151
Bic Intensity Clic Gel Pen,Home/Office/,134
Bic Leather Pen,Home/Office/,31
Bic Tri-Tone Twist Pen,Home/Office/,29
Blue Keeper Notebook Set with Flap,Home/Office/,163
Blue Metallic Textured Spiral Notebook Set,Home/Office/,413
Bottle Opener Clip,Home/Drinkware/,910
Carabiner Flashlight,Home/Electronics/Flashlights/,5
Chevron Shopper,Home/Limited Supply/Bags/,278
Clip-on Compact Charger,Home/Electronics/,1322
Collapsible Pet Bowl,Home/Lifestyle/,101
Collapsible Shopping Bag,Home/Bags/Shopping and Totes/,2009
Color Changing Grip Pen,Office,982
Colored Pencil Set,Home/Office/,1403
Colored Pencil Set with Sharpener,Home/Office/Writing Instruments/,6
Compact Bluetooth Speaker,Home/Electronics/Audio/,1051
Compact Eco Journal,Home/Office/,175
Compact Journal with Recycled Pages,Home/Office/,452
Compact Selfie Stick,Home/Electronics/Electronics Accessories/,846
Crunch Noise Dog Toy,Home/Accessories/Pet/,1124
Crunch-It Dog Toy,Home/Lifestyle/,341
Deluge Waterproof Backpack,Home/Limited Supply/Bags/,897
Digital Lightshow Smart Speaker and Notification Center,Home/Electronics/,1209
Eco-Aware Large Recycled Journal Combo,(not set),47
Eco-Aware Recycled Journal Combo,(not set),113
Electronics Accessory Pouch,Home/Bags/,1818
Engraved Ceramic Google Mug,Home/Drinkware/Mugs and Cups/,5417
Executive Twist Ballpoint Pen,Office,280
Fashion Sunglasses & Pouch,Home/Accessories/Fun/,2347
Foam Can and Bottle Cooler,Drinkware,1765
Four Color Retractable Pen,Office,1220
Galaxy Screen Cleaning Cloth,Office,1069
Gel Roller Pen,Office,455
Gift Card - $25.00,Home/Gift Cards/,1347
Gift Card - $250.00,Home/Gift Cards/,711
Gift Card - $50.00,Home/Gift Cards/,660
Gift Card- $100.00,Home/Gift Cards/,914
Google  Women's Muscle Tee,(not set),255
Google 17 oz Double Wall Stainless Steel Insulated Bottle,Home/Drinkware/Water Bottles and Tumblers/,620
Google 17oz Stainless Steel Sport Bottle,Home/Drinkware/Water Bottles and Tumblers/,2664
Google 22 oz Water Bottle,Drinkware,4997
Google 2200mAh Micro Charger,Home/Electronics/Power/,1178
Google 25 oz Blue Stainless Steel Bottle,Drinkware,330
Google 25 oz Clear Stainless Steel Bottle,Google,307
Google 25 oz Red Stainless Steel Bottle,Home/Drinkware/Water Bottles and Tumblers/,583
Google 3/4 Sleeve Raglan Badge Henley Black,Apparel,615
Google 3/4 Sleeve Raglan Henley Grey,Home/Apparel/Men's/Men's-T-Shirts/,113
Google 40 oz Insulated Monster Bottle,Home/Drinkware/,646
Google 4400mAh Power Bank,Home/Electronics/Power/,843
Google 5-Panel Cap,Home/Apparel/Headgear/,1203
Google 5-Panel Snapback Cap,Home/Apparel/Headgear/,657
Google 7-inch Dog Flying Disc Blue,(not set),1
Google 7-inch Dog Flying Disc Red,(not set),1
Google Accent Insulated Stainless Steel Bottle,Home/Drinkware/,1169
Google Adult Tee Fruit Games Cherries,Home/Fruit Games/,165
Google Adult Tee Fruit Games Dragonfruit,Home/Fruit Games/,281
Google Adult Tee Fruit Games Pineapple,Home/Fruit Games/,376
Google Alpine Style Backpack,Home/Bags/Backpacks/,10940
Google Baby Essentials Set,Home/Apparel/Kid's/Kid's-Infant/,1916
Google Badge Pull,Home/Office/Office Other/,29
Google Ballpoint Pen Black,Home/Office/Writing Instruments/,878
Google Bib Red,Home/Apparel/Kid's/Kid's-Infant/,474
Google Bib White,Home/Apparel/Kid's/Kid's-Infant/,756
Google Blackout Cap,Home/Apparel/Headgear/,1662
Google Bluetooth Headphones,Home/Electronics/Audio/,2401
Google Bluetooth Speaker-Power Bank,Home/Electronics/Audio/,1095
Google Bongo Cupholder Bluetooth Speaker,Home/Electronics/Audio/,1056
Google Canvas Tote Fruit Games Lemon,Home/Fruit Games/,501
Google Canvas Tote Natural/Navy,Home/Bags/Shopping and Totes/,2645
Google Car Clip Phone Holder,Home/Electronics/Electronics Accessories/,1180
Google Collapsible Duffel,Home/Bags/More Bags/,2017
Google Collapsible Duffel Black,More Bags,431
Google Collapsible Duffel Blue,More Bags,214
Google Collapsible Pet Bowl,Home/Accessories/Pet/,1212
Google Collapsible Pet Bowl Blue,Lifestyle,6
Google Device Holder Sticky Pad,Home/Electronics/Electronics Accessories/,800
Google Device Stand,Home/Electronics/Electronics Accessories/,1285
Google Doodle Decal,Home/Accessories/Stickers/,4530
Google Engraved Ceramic Mug,Home/Drinkware/Mugs and Cups/,114
Google Executive Umbrella,Lifestyle,319
Google Flashlight,Home/Electronics/Flashlights/,1528
Google Four Color EDC Flashlight,Home/Accessories/,13
Google French Terry Cap,Home/Apparel/Headgear/,308
Google G Noise-reducing Bluetooth Headphones,Home/Electronics/Audio/,3254
Google Hard Cover Journal,Home/Office/Notebooks & Journals/,1666
Google Heavyweight Long Sleeve Hero Tee Burgundy,Home/Apparel/Men's/Men's-T-Shirts/,1406
Google Heavyweight Long Sleeve Hero Tee Navy,Home/Apparel/Men's/Men's-T-Shirts/,2085
"Google High Capacity 10,400mAh Charger",Home/Electronics/Power/,2228
Google Infant Short Sleeve Tee Cornflower Blue,Apparel,132
Google Infant Short Sleeve Tee Green,Home/Apparel/Kid's/Kid's-Infant/,122
Google Infant Short Sleeve Tee Red,Home/Apparel/Kid's/Kid's-Infant/,343
Google Infant Short Sleeve Tee Royal Blue,Home/Apparel/Kid's/Kid's-Infant/,106
Google Infant Short Sleeve Tee White,Home/Apparel/Kid's/Kid's-Infant/,686
Google Infant Zip Hood Pink,Home/Apparel/Kid's/Kid's-Infant/,1292
Google Infant Zip Hood Royal Blue,Home/Apparel/Kid's/Kid's-Infant/,1359
Google Infuser-Top Water Bottle,Home/Drinkware/,1048
Google Insulated Stainless Steel Bottle,Home/Drinkware/Water Bottles and Tumblers/,2012
Google Kick Ball,Home/Accessories/Fun/,2392
Google Laptop Backpack,Home/Bags/Backpacks/,6933
Google Laptop Tech Backpack,Home/Bags/Backpacks/,4742
Google Laptop and Cell Phone Stickers,Home/Accessories/Stickers/,10058
Google Leather Journal,Home/Office/Notebooks & Journals/,211
Google Leather Journal (Black),Office,8
Google Leather Journal-Black,Notebooks & Journals,236
Google Leather Journal-Brown,Notebooks & Journals,234
Google Leather Perforated Journal,Notebooks & Journals,259
Google Long Sleeve Raglan Badge Henley Ocean Blue,Home/Apparel/Men's/Men's-T-Shirts/,1038
Google Luggage Tag,Home/Accessories/Fun/,623
Google Lunch Bag,Home/Bags/,1509
Google Magnetic Mini Flood Flashlight,Home/Electronics/Flashlights/,7
Google Men's  Zip Hoodie,Home/Apparel/Men's/Men's-Outerwear/,12908
Google Men's 100% Cotton Short Sleeve Hero Tee Black,Home/Apparel/Men's/Men's-T-Shirts/,8112
Google Men's 100% Cotton Short Sleeve Hero Tee Navy,Home/Apparel/Men's/Men's-T-Shirts/,6589
Google Men's 100% Cotton Short Sleeve Hero Tee Red,Home/Apparel/Men's/Men's-T-Shirts/,3477
Google Men's 100% Cotton Short Sleeve Hero Tee White,Home/Apparel/Men's/Men's-T-Shirts/,19727
Google Men's 3/4 Sleeve Raglan Henley Grey,Apparel,622
Google Men's Airflow 1/4 Zip Pullover Black,Home/Apparel/Men's/Men's-Performance Wear/,623
Google Men's Airflow 1/4 Zip Pullover Lapis,Home/Apparel/Men's/Men's-Performance Wear/,404
Google Men's Around The Block Short Sleeve Tee Ash,Apparel,401
Google Men's Bayside Graphic Tee,Home/Apparel/Men's/Men's-T-Shirts/,798
Google Men's Bike Short Sleeve Tee Charcoal,Apparel,2110
Google Men's Colorblock Tee White/Heather,Apparel,159
Google Men's Convertible Vest-Jacket Pewter,Home/Apparel/Men's/Men's-Outerwear/,1096
Google Men's Heavyweight Long Sleeve Hero Tee Burgundy,Home/Apparel/Men's/Men's-T-Shirts/,240
Google Men's Heavyweight Long Sleeve Hero Tee Navy,Home/Apparel/Men's/Men's-T-Shirts/,503
Google Men's Lightweight Microfleece Jacket Black,Home/Apparel/Men's/Men's-Outerwear/,3490
Google Men's Long & Lean Tee Charcoal,Apparel,553
Google Men's Long & Lean Tee Grey,Apparel,150
Google Men's Long Sleeve Baseball Raglan Cranberry,Home/Apparel/Men's/Men's-T-Shirts/,99
Google Men's Long Sleeve Pullover Badge Tee Heather,Apparel,405
Google Men's Long Sleeve Pullover Crew Tee Heather,Home/Apparel/Men's/Men's-T-Shirts/,173
Google Men's Long Sleeve Raglan Cranberry,Apparel,207
Google Men's Long Sleeve Raglan Ocean Blue,Home/Apparel/Men's/Men's-T-Shirts/,3302
Google Men's Microfiber 1/4 Zip Pullover Blue/Indigo,Home/Apparel/Men's/Men's-Outerwear/,995
Google Men's Microfiber 1/4 Zip Pullover Grey/Black,Home/Apparel/Men's/Men's-Outerwear/,948
Google Men's Performance 1/4 Zip Pullover Heather/Black,Home/Apparel/Men's/Men's-Performance Wear/,565
Google Men's Performance Badge Tee Black,Apparel,61
Google Men's Performance Badge Tee Gunmetal,Home/Apparel/Men's/Men's-Performance Wear/,29
Google Men's Performance Badge Tee Navy,Apparel,25
Google Men's Performance Full Zip Jacket Black,Home/Apparel/Men's/Men's-Outerwear/,3109
Google Men's Performance Hero Tee Gunmetal,Home/Apparel/Men's/Men's-Performance Wear/,606
Google Men's Performance Polo Grey/Black,Home/Apparel/Men's/Men's-T-Shirts/,2139
Google Men's Performance Tee Gunmetal,Home/Apparel/Men's/Men's-T-Shirts/,183
Google Men's Pullover Hoodie,Home/Apparel/Men's/Men's-Outerwear/,1342
Google Men's Pullover Hoodie Grey,Home/Apparel/Men's/Men's-Outerwear/,3104
Google Men's Quilted Insulated Vest Battleship Grey,Home/Apparel/Men's/Men's-Outerwear/,838
Google Men's Quilted Insulated Vest Black,Home/Apparel/Men's/Men's-Outerwear/,3448
Google Men's Short Sleeve Badge Tee Charcoal,Apparel,1681
Google Men's Short Sleeve Hero Tee Charcoal,Apparel,1469
Google Men's Short Sleeve Hero Tee Heather,Home/Apparel/Men's/Men's-T-Shirts/,2904
Google Men's Short Sleeve Hero Tee Light Blue,Home/Apparel/Men's/Men's-T-Shirts/,1526
Google Men's Short Sleeve Performance Badge Tee Black,Home/Apparel/Men's/Men's-Performance Wear/,1067
Google Men's Short Sleeve Performance Badge Tee Charcoal,Home/Apparel/Men's/Men's-Performance Wear/,561
Google Men's Short Sleeve Performance Badge Tee Navy,Apparel,814
Google Men's Short Sleeve Performance Badge Tee Pewter,Apparel,728
Google Men's Skater Tee Charcoal,Home/Apparel/Men's/Men's-T-Shirts/,814
Google Men's Skater Tee Grey,Apparel,540
Google Men's Softshell Jacket Black/Grey,Home/Apparel/Men's/Men's-Outerwear/,717
Google Men's Vintage Badge Tee Black,Home/Apparel/Men's/Men's-T-Shirts/,6410
Google Men's Vintage Badge Tee Green,Home/Apparel/Men's/Men's-T-Shirts/,770
Google Men's Vintage Badge Tee Sage,Apparel,1171
Google Men's Vintage Badge Tee White,Home/Apparel/Men's/Men's-T-Shirts/,1755
Google Men's Vintage Tank,Home/Apparel/Men's/Men's-T-Shirts/,755
Google Men's Watershed Full Zip Hoodie Grey,Home/Apparel/Men's/Men's-Outerwear/,3870
Google Men's Weatherblock Shell Jacket Black,Home/Apparel/Men's/Men's-Outerwear/,3049
Google Men's Zip Hoodie,Home/Apparel/Men's/Men's-Outerwear/,98
Google Metallic Notebook Set,Home/Office/Notebooks & Journals/,3543
Google Onesie Green,Home/Apparel/Kid's/Kid's-Infant/,1185
Google Onesie Red,Home/Apparel/Kid's/Kid's-Infant/,551
Google Onesie Red/Graphite,Home/Apparel/Kid's/Kid's-Infant/,831
Google Onesie Royal Blue,Home/Apparel/Kid's/Kid's-Infant/,712
Google Pet Feeding Mat,Home/Accessories/Pet/,830
Google Phone Sanitizer,Home/Electronics/Electronics Accessories/,2385
Google Pocket Bluetooth Speaker,Home/Electronics/Audio/,946
Google Power Bank,Home/Electronics/,2644
Google PowerKit,Home/Electronics/,670
Google RFID Journal,Home/Office/Notebooks & Journals/,1379
Google Red Spiral Notebook,Home/Office/Notebooks & Journals/,17
Google Rucksack,Home/Bags/Backpacks/,9349
Google Slim Utility Travel Bag,Home/Bags/,1850
Google Snapback Hat Black,Home/Apparel/Headgear/,1584
Google Spiral Journal with Pen,Office,366
Google Spiral Leather Journal,Notebooks & Journals,98
Google Sports Bag,Home/Bags/More Bags/,25
Google Stretch Fit Hat,Home/Apparel/Headgear/,1304
Google Stretch Fit Hat L/XL Navy,Headgear,98
Google Stretch Fit Hat M/L Navy,Headgear,249
Google Stretch Fit Hat S/M Navy,Headgear,128
Google Stylus Pen w/ LED Light,Home/Office/Writing Instruments/,1481
Google Sunglasses,Lifestyle,8405
Google Sunglasses Blue,Lifestyle,36
Google Sunglasses Green,Lifestyle,20
Google Sunglasses Red,Lifestyle,43
Google Sunglasses Yellow,Lifestyle,26
Google Toddler 1/4 Zip Fleece Pewter,(not set),653
Google Toddler Hoodie Royal Blue,Home/Apparel/Kid's/Kid's-Toddler/,1443
Google Toddler Raglan Shirt Blue Heather/Navy,Home/Apparel/Kid's/Kid's-Toddler/,931
Google Toddler Short Sleeve T-shirt Green,Home/Apparel/Kid's/Kid's-Toddler/,323
Google Toddler Short Sleeve T-shirt Grey,Apparel,407
Google Toddler Short Sleeve T-shirt Royal Blue,Home/Apparel/Kid's/Kid's-Toddler/,559
Google Toddler Short Sleeve T-shirt Yellow,Home/Apparel/Kid's/Kid's-Toddler/,307
Google Toddler Short Sleeve Tee Red,Home/Apparel/Kid's/Kid's-Toddler/,507
Google Toddler Short Sleeve Tee White,Home/Apparel/Kid's/Kid's-Toddler/,690
Google Toddler Sports T-shirt Red,Apparel,116
Google Toddler Tee Fruit Games Banana,Home/Fruit Games/,110
Google Toddler Tee Fruit Games Cherries,Home/Fruit Games/,112
Google Toddler Tee Fruit Games Lemon,Home/Fruit Games/,121
Google Toddler Tee Fruit Games Pineapple,Home/Fruit Games/,290
Google Toddler Tee Fruit Games Strawberry,Home/Fruit Games/,167
Google Tote Bag,Home/Bags/Shopping and Totes/,1338
Google Tri-blend Hoodie Grey,Home/Apparel/Men's/Men's-Outerwear/,4813
Google Trucker Hat,Home/Apparel/Headgear/,1369
Google Tube Power Bank,Home/Electronics/Power/,2182
Google Twill Cap,Home/Apparel/Headgear/,6910
Google Vintage Henley Grey/Black,Apparel,1134
Google Water Resistant Bluetooth Speaker,Home/Electronics/Audio/,2690
Google Women's 1/4 Zip Jacket Charcoal,Home/Apparel/Women's/Women's-Outerwear/,750
Google Women's 1/4 Zip Performance Pullover Black,Home/Apparel/Women's/Women's-Outerwear/,580
Google Women's 1/4 Zip Performance Pullover Two-Tone Blue,Apparel,296
Google Women's 3/4 Sleeve Baseball Raglan Heather/Black,Home/Apparel/Women's/Women's-T-Shirts/,1851
Google Women's Badge Performance Tee Black,Apparel,18
Google Women's Badge Performance Tee Charcoal,Home/Apparel/Women's/Women's-Performance Wear/,4
Google Women's Badge Performance Tee Gunmetal,Home/Apparel/Women's/Women's-Performance Wear/,9
Google Women's Badge Performance Tee Navy,Home/Apparel/Women's/Women's-Performance Wear/,7
Google Women's Colorblock Tee White,Home/Apparel/Women's/Women's-T-Shirts/,26
Google Women's Convertible Vest-Jacket Black,Home/Apparel/Women's/Women's-Outerwear/,438
Google Women's Convertible Vest-Jacket Sea Foam Green,Home/Apparel/Women's/Women's-Outerwear/,927
Google Women's Fleece Hoodie,Home/Apparel/Women's/Women's-Outerwear/,4030
Google Women's Hero V-Neck Tee White,Home/Apparel/Women's/Women's-T-Shirts/,805
Google Women's Insulated Thermal Vest Navy,Home/Apparel/Women's/Women's-Outerwear/,407
Google Women's Lightweight Microfleece Jacket,Home/Apparel/Women's/Women's-Outerwear/,1383
Google Women's Long Sleeve Blended Cardigan Charcoal,Apparel,258
Google Women's Long Sleeve Tee Lavender,Home/Apparel/Women's/Women's-T-Shirts/,852
Google Women's Performance Full Zip Jacket Black,Home/Apparel/Women's/Women's-Outerwear/,1293
Google Women's Performance Golf Polo Blue,Apparel,69
Google Women's Performance Hero Tee Gunmetal,Home/Apparel/Women's/Women's-Performance Wear/,134
Google Women's Performance Polo Grey/Black,Apparel,90
Google Women's Performance Tee Gunmetal,Home/Apparel/Women's/Women's-T-Shirts/,18
Google Women's Quilted Insulated Vest Black,Home/Apparel/Women's/Women's-Outerwear/,1034
Google Women's Quilted Insulated Vest Pewter,Home/Apparel/Women's/Women's-Outerwear/,149
Google Women's Quilted Insulated Vest White,Home/Apparel/Women's/Women's-Outerwear/,691
Google Women's Recycled Fabric Tee,Home/Apparel/Women's/Women's-T-Shirts/,391
Google Women's Scoop Neck Tee Black,Apparel,758
Google Women's Scoop Neck Tee Green,Home/Apparel/Women's/Women's-T-Shirts/,203
Google Women's Scoop Neck Tee White,Apparel,451
Google Women's Shell Jacket Blue/Black,Home/Apparel/Women's/Women's-Outerwear/,395
Google Women's Short Sleeve Badge Tee Grey,Apparel,193
Google Women's Short Sleeve Badge Tee Ice Gray,Home/Apparel/Women's/Women's-T-Shirts/,3
Google Women's Short Sleeve Badge Tee Navy,Apparel,447
Google Women's Short Sleeve Badge Tee Red Heather,Home/Apparel/Women's/Women's-T-Shirts/,236
Google Women's Short Sleeve Hero Dark Grey,Home/Apparel/Women's/Women's-T-Shirts/,575
Google Women's Short Sleeve Hero Tee Black,Home/Apparel/Women's/Women's-T-Shirts/,2068
Google Women's Short Sleeve Hero Tee Grey,Apparel,515
Google Women's Short Sleeve Hero Tee Heather,Apparel,313
Google Women's Short Sleeve Hero Tee Red Heather,Home/Apparel/Women's/Women's-T-Shirts/,1640
Google Women's Short Sleeve Hero Tee Sky Blue,Home/Apparel/Women's/Women's-T-Shirts/,1289
Google Women's Short Sleeve Hero Tee White,Home/Apparel/Women's/Women's-T-Shirts/,4666
Google Women's Short Sleeve Hero V-Neck Tee Black,Home/Apparel/Women's/Women's-T-Shirts/,413
Google Women's Short Sleeve Performance Tee Black,Home/Apparel/Women's/Women's-Performance Wear/,159
Google Women's Short Sleeve Performance Tee Charcoal,Home/Apparel/Women's/Women's-Performance Wear/,224
Google Women's Short Sleeve Performance Tee Navy,Apparel,258
Google Women's Short Sleeve Performance Tee Pewter,Home/Apparel/Women's/Women's-Performance Wear/,122
Google Women's Short Sleeve Shirt Blue,Home/Apparel/Women's/Women's-T-Shirts/,404
Google Women's Short Sleeve Shirt Dark Grey,Home/Apparel/Women's/Women's-T-Shirts/,255
Google Women's Short Sleeve Shirt Light Grey,(not set),53
Google Women's Short Sleeve Shirt Red,Home/Apparel/Women's/Women's-T-Shirts/,269
Google Women's Short Sleeve V-Neck Tee Black,Home/Apparel/Women's/Women's-T-Shirts/,477
Google Women's Short Sleeve V-Neck Tee Dark Grey,Home/Apparel/Women's/Women's-T-Shirts/,154
Google Women's Short Sleeve V-Neck Tee Lavender,Home/Apparel/Women's/Women's-T-Shirts/,511
Google Women's Short Sleeve V-Neck Tee Stone,Home/Apparel/Women's/Women's-T-Shirts/,123
Google Women's Softshell Jacket Black/Grey,Apparel,41
Google Women's Tank Top,Home/Apparel/Women's/Women's-T-Shirts/,98
Google Women's Tank Top Light Gray,Home/Apparel/Women's/Women's-T-Shirts/,3
Google Women's Tee Grey,Apparel,429
Google Women's Tee Purple,Home/Apparel/Women's/Women's-T-Shirts/,194
Google Women's V-Neck Tee Charcoal,Home/Apparel/Women's/Women's-T-Shirts/,502
Google Women's V-Neck Tee Grey,Home/Apparel/Women's/Women's-T-Shirts/,516
Google Women's Vintage Hero Tee Black,Apparel,1244
Google Women's Vintage Hero Tee Lavender,Apparel,923
Google Women's Vintage Hero Tee Platinum,Apparel,239
Google Women's Vintage Hero Tee White,Home/Apparel/Women's/Women's-T-Shirts/,1472
Google Women's Vintage T-Shirt Black,Home/Apparel/Women's/Women's-T-Shirts/,336
Google Women's Weatherblock Shell Jacket Black,Home/Apparel/Women's/Women's-Outerwear/,225
Google Women's Yoga Jacket Black,Home/Apparel/Women's/Women's-Outerwear/,891
Google Women's Yoga Pants,Home/Apparel/Women's/Women's-Performance Wear/,847
Google Women's Zip Hoodie Grey,Home/Apparel/Women's/Women's-Outerwear/,209
Google Womens 3/4 Sleeve Baseball Raglan Heather/Black,Apparel,777
Google Wool Heather Cap Heather/Navy,Home/Apparel/Headgear/,1547
Google Youth Baseball Raglan Heather/Black,Home/Apparel/Kid's/Kids-Youth/,1150
Google Youth Girl Hoodie,Home/Apparel/Kid's/Kids-Youth/,1475
Google Youth Girl Tee Green,Home/Apparel/Kid's/Kids-Youth/,548
Google Youth Short Sleeve T-shirt Green,Home/Apparel/Kid's/Kids-Youth/,643
Google Youth Short Sleeve T-shirt Royal Blue,Home/Apparel/Kid's/Kids-Youth/,1004
Google Youth Short Sleeve T-shirt Yellow,Home/Apparel/Kid's/Kids-Youth/,452
Google Youth Short Sleeve Tee Red,Home/Apparel/Kid's/Kids-Youth/,528
Google Youth Short Sleeve Tee White,Home/Apparel/Kid's/Kids-Youth/,1030
Google Youth Sports Tee Navy,Home/Apparel/Kid's/Kids-Youth/,737
Google Youth Tee Fruit Games Banana,Home/Fruit Games/,67
Google Youth Tee Fruit Games Cherries,Home/Fruit Games/,56
Google Youth Tee Fruit Games Lemon,Home/Fruit Games/,52
Google Youth Tee Fruit Games Pineapple,Home/Fruit Games/,102
Google Youth Tee Fruit Games Strawberry,Home/Fruit Games/,83
Google Zipper-front Sports Bag,Home/Bags/,1009
Grip Highlighter Pen 3 Pack,Office,297
Grip Kit Cable Organizer,Home/Electronics/,534
Gunmetal Roller Ball Pen,Office,297
Insulated Bottle,Home/Drinkware/Water Bottles and Tumblers/,847
Keyboard DOT Sticker,Home/Accessories/Stickers/,5667
Kick Ball,Home/Lifestyle/,204
Koozie Can Kooler,Home/Accessories/Drinkware/,391
Large Recycled Journal/Pen Combo,Home/Office/,270
Large Zipper Top Tote Bag,Home/Bags/Shopping and Totes/,1376
Latitudes Foldaway Shopper,Home/Limited Supply/Bags/,243
Leather and Metal Ballpoint Pen,Home/Office/Writing Instruments/,689
Leatherette Journal,Home/Office/Notebooks & Journals/,3508
Maze Pen,Home/Office/Writing Instruments/,2244
Men's Softshell Jacket Black/Grey,Apparel,567
Men's Weatherblock Shell Jacket Black,Apparel,595
Metal Earbuds with Small Zipper Case,Home/Electronics/,1779
Metal Texture Roller Pen,Home/Office/Writing Instruments/,669
Micro Wireless Earbud,Home/Electronics/Audio/,5194
Micro Wireless Earbuds,Home/Electronics/,1689
Mistral Rucksack,Home/Limited Supply/Bags/,1014
My T-Shirt,(not set),1
Oasis Backpack,Home/Limited Supply/Bags/,867
PaperMate Ink Joy Pen,Home/Office/,111
PaperMate Ink Joy RT Pen,Home/Office/,213
PaperMate Ink Joy Retractable Pen,Home/Office/,159
Parker Gunmetal CT Ball Pen,Home/Office/,86
Pen Pencil & Highlighter Set,Home/Office/,2082
Pet Feeding Mat,(not set),4
Plastic Sliding Flashlight,Home/Electronics/Flashlights/,873
Pop-a-Point Crayon,(not set),105
PowerClip Lightning Charger,Home/Electronics/,298
Powerbank Flashlight,Electronics,11
Quatro Retractable Pen,(not set),112
Rainbow Stylus Pen,Office,524
Recycled Mouse Pad,Electronics,2425
Recycled Paper Journal Set,Office,3157
Red Shine 15 oz Mug,Home/Drinkware/Mugs and Cups/,5143
Red Spiral Google Notebook,Home/Office/Notebooks & Journals/,1576
Retractable Ballpoint Pen Red,Home/Office/Writing Instruments/,609
Reusable Shopping Bag,Home/Bags/Shopping and Totes/,1094
Rocket Flashlight,Home/Electronics/Flashlights/,1314
Rubber Grip Ballpoint Pen 4 Pack,Home/Office/,1190
SPF-15 Lip Balm,Home/Lifestyle/,80
SPF-15 Slim & Slender Lip Balm,Home/Accessories/Fun/,1103
Satin Black Ballpoint Pen,Home/Office/Writing Instruments/,334
Screen Cleaning Cloth,Home/Office/Office Other/,8
Seat Pack Organizer,Home/Office/,1450
Set of 3 Nested Travel Cases,Home/Limited Supply/Bags/,210
Set of 3 Packing Cubes,Home/Office/,126
Softsided Travel Pouch Set,Home/Bags/,1553
Solo Pro Backpack,Home/Limited Supply/Bags/,580
Speed Zone Air Mesh Tote,Home/Limited Supply/Bags/,118
Spiral Notebook and Pen Set,Home/Office/Notebooks & Journals/,2128
Sport Bag,Home/Bags/,2250
Stadium Cups-Sets of 4,Home/Accessories/Drinkware/,175
Straw Beach Mat,Home/Accessories/Fun/,824
Suitcase Organizer Cubes,Home/Bags/,1386
Switch Tone Color Crayon Pen,Home/Accessories/Fun/,1054
UFO Bluetooth Water Resistant Speaker,Home/Electronics/,281
UpCycled Bike Saddle Bag,Home/Accessories/Sports & Fitness/,185
UpCycled Handlebar Bag,Home/Bags/More Bags/,392
Waterpoof Gear Bag,Home/Limited Supply/Bags/,331
Waterproof Backpack,Home/Bags/Backpacks/,10217
Waterproof Gear Bag,Home/Bags/More Bags/,1218
Waze Baby on Board Window Decal,Waze,343
Waze Dress Socks,Waze,269
Waze Men's Short Sleeve Tee,Waze,315
Waze Men's Typography Short Sleeve Tee,Waze,135
Waze Mobile Phone Vent Mount,Home/Electronics/Electronics Accessories/,955
Waze Mood Happy Window Decal,Home/Accessories/Stickers/,269
Waze Mood Ninja Window Decal,Home/Accessories/Stickers/,508
Waze Mood Original Window Decal,Waze,511
Waze Pack of 9 Decal Set,Home/Accessories/Stickers/,180
Waze Women's Short Sleeve Tee,Waze,81
Waze Women's Typography Short Sleeve Tee,Waze,35
Windup Android,Home/Accessories/Fun/,3059
Women's Performance Full Zip Jacket Black,Apparel,410
Women's Weatherblock Shell Jacket Black,Apparel,150
Women's YouTube Short Sleeve Hero Tee Black,Home/Shop by Brand/YouTube/,821
Yoga Block,Home/Accessories/Sports & Fitness/,602
Yoga Mat,Home/Accessories/Sports & Fitness/,1234
Yoga Mat Blue,Lifestyle,224
Yoga Mat Purple,Lifestyle,55
You Tube Toddler Short Sleeve Tee Red,Home/Shop by Brand/YouTube/,747
YouTube 22 oz Infuser Bottle,Home/Shop by Brand/YouTube/,53
YouTube 24 oz Stripe Accent Bottle,Home/Shop by Brand/YouTube/,74
YouTube Custom Decals,Home/Shop by Brand/YouTube/,9588
YouTube Hard Cover Journal,Home/Shop by Brand/YouTube/,1754
YouTube Infant Short Sleeve Tee Red,Apparel,99
YouTube Leatherette Notebook Combo,Home/Shop by Brand/YouTube/,5930
YouTube Luggage Tag,Home/Shop by Brand/YouTube/,701
YouTube Men's 3/4 Sleeve Henley,Apparel,521
YouTube Men's Eco-Jersey Henley,Home/Apparel/Men's/Men's-T-Shirts/,238
YouTube Men's Fleece Hoodie Black,Apparel,1320
YouTube Men's Long & Lean Tee Charcoal,Home/Shop by Brand/YouTube/,189
YouTube Men's Long Sleeve Pullover Badge Tee Heather,Home/Shop by Brand/YouTube/,1368
YouTube Men's Short Sleeve Hero Tee  White,Apparel,21
YouTube Men's Short Sleeve Hero Tee Black,Home/Shop by Brand/YouTube/,5254
YouTube Men's Short Sleeve Hero Tee Charcoal,Home/Shop by Brand/YouTube/,2707
YouTube Men's Short Sleeve Hero Tee White,Home/Shop by Brand/YouTube/,1900
YouTube Men's Skater Tee Charcoal,Apparel,224
YouTube Men's Vintage Henley,Apparel,1152
YouTube Men's Vintage Tank,Home/Shop by Brand/YouTube/,710
YouTube Men's Vintage Tee,Home/Shop by Brand/YouTube/,786
YouTube Notebook Set,Home/Shop by Brand/YouTube/,80
YouTube Notebook and Pen Set,Home/Shop by Brand/YouTube/,1459
YouTube Onesie Heather,Home/Apparel/Kid's/Kid's-Infant/,791
YouTube RFID Journal,Home/Shop by Brand/YouTube/,2406
YouTube Spiral Journal with Pen,Home/Shop by Brand/YouTube/,1068
YouTube Sticker Sheet,Home/Shop by Brand/YouTube/,185
YouTube Trucker Hat,Home/Shop by Brand/YouTube/,3382
YouTube Twill Cap,Home/Shop by Brand/YouTube/,5795
YouTube Women's Fleece Hoodie Black,Apparel,684
YouTube Women's Racer Back Tank Black,Home/Apparel/Women's/Women's-T-Shirts/,135
YouTube Women's S/S Crew Tee,(not set),46
YouTube Women's Short Sleeve Crew Tee,(not set),100
YouTube Women's Short Sleeve Hero Tee Charcoal,Apparel,365
YouTube Women's Short Sleeve Tri-blend Badge Tee Charcoal,Apparel,388
YouTube Women's Short Sleeve Tri-blend Badge Tee Grey,Home/Shop by Brand/YouTube/,149
YouTube Womens 3/4 Sleeve Baseball Raglan White/Black,(not set),223
YouTube Wool Heather Cap Heather/Black,Home/Shop by Brand/YouTube/,2458
YouTube Youth Short Sleeve Tee Red,Home/Apparel/Kid's/Kids-Youth/,1571
